@GV.BP140,%IR 0,REAL,M014UC,0x00000000 0 I,4,10,0,0,0,0,0,0
@GV.BLIA04,%IR 4,REAL,M014UC,0x04000000 0 I,4,10,0,0,0,0,0,0
@GV.BLIA05,%IR 8,REAL,M014UC,0x08000000 0 I,4,10,0,0,0,0,0,0
@GV.BPT101,%IR 12,REAL,M014UC,0x0C000000 0 I,4,10,0,0,0,0,0,0
@GV.BPT102,%IR 16,REAL,M014UC,0x10000000 0 I,4,10,0,0,0,0,0,0
@GV.BPT103,%IR 20,REAL,M014UC,0x14000000 0 I,4,10,0,0,0,0,0,0
@GV.BBYAI_305_01,%IR 24,REAL,M014UC,0x18000000 0 I,4,10,0,0,0,0,0,0
@GV.BBYAI_305_02,%IR 28,REAL,M014UC,0x1C000000 0 I,4,10,0,0,0,0,0,0
@GV.BPT104,%IR 36,REAL,M014UC,0x24000000 0 I,4,10,0,0,0,0,0,0
@GV.BPT105,%IR 40,REAL,M014UC,0x28000000 0 I,4,10,0,0,0,0,0,0
@GV.BPT106,%IR 44,REAL,M014UC,0x2C000000 0 I,4,10,0,0,0,0,0,0
@GV.BPT107,%IR 48,REAL,M014UC,0x30000000 0 I,4,10,0,0,0,0,0,0
@GV.BPT108,%IR 52,REAL,M014UC,0x34000000 0 I,4,10,0,0,0,0,0,0
@GV.BFT061,%IR 56,REAL,M014UC,0x38000000 0 I,4,10,0,0,0,0,0,0
@GV.BBYAI_305_03,%IR 60,REAL,M014UC,0x3C000000 0 I,4,10,0,0,0,0,0,0
@GV.BBYAI_305_04,%IR 64,REAL,M014UC,0x40000000 0 I,4,10,0,0,0,0,0,0
@GV.BFT071,%IR 72,REAL,M014UC,0x48000000 0 I,4,10,0,0,0,0,0,0
@GV.BFT081,%IR 76,REAL,M014UC,0x4C000000 0 I,4,10,0,0,0,0,0,0
@GV.BFT091,%IR 80,REAL,M014UC,0x50000000 0 I,4,10,0,0,0,0,0,0
@GV.BPT054,%IR 84,REAL,M014UC,0x54000000 0 I,4,10,0,0,0,0,0,0
@GV.BPT123,%IR 88,REAL,M014UC,0x58000000 0 I,4,10,0,0,0,0,0,0
@GV.BLT059,%IR 92,REAL,M014UC,0x5C000000 0 I,4,10,0,0,0,0,0,0
@GV.BBYAI_305_05,%IR 96,REAL,M014UC,0x60000000 0 I,4,10,0,0,0,0,0,0
@GV.BBYAI_305_06,%IR 100,REAL,M014UC,0x64000000 0 I,4,10,0,0,0,0,0,0
@GV.BLIA01,%IR 108,REAL,M014UC,0x6C000000 0 I,4,10,0,0,0,0,0,0
@GV.BBYAI_305_11,%IR 112,REAL,M014UC,0x70000000 0 I,4,10,0,0,0,0,0,0
@GV.BBYAI_305_12,%IR 116,REAL,M014UC,0x74000000 0 I,4,10,0,0,0,0,0,0
@GV.BBYAI_305_17,%IR 120,REAL,M014UC,0x78000000 0 I,4,10,0,0,0,0,0,0
@GV.BPT115,%IR 124,REAL,M014UC,0x7C000000 0 I,4,10,0,0,0,0,0,0
@GV.BLIA03,%IR 128,REAL,M014UC,0x80000000 0 I,4,10,0,0,0,0,0,0
@GV.BBYAI_305_07,%IR 132,REAL,M014UC,0x84000000 0 I,4,10,0,0,0,0,0,0
@GV.BBYAI_305_08,%IR 136,REAL,M014UC,0x88000000 0 I,4,10,0,0,0,0,0,0
@GV.B10_03,%IR 144,REAL,M014UC,0x90000000 0 I,4,10,0,0,0,0,0,0
@GV.B08_04,%IR 148,REAL,M014UC,0x94000000 0 I,4,10,0,0,0,0,0,0
@GV.B10_04,%IR 152,REAL,M014UC,0x98000000 0 I,4,10,0,0,0,0,0,0
@GV.B11_05,%IR 156,REAL,M014UC,0x9C000000 0 I,4,10,0,0,0,0,0,0
@GV.B10_05,%IR 160,REAL,M014UC,0xA0000000 0 I,4,10,0,0,0,0,0,0
@GV.B09_05,%IR 164,REAL,M014UC,0xA4000000 0 I,4,10,0,0,0,0,0,0
@GV.BBYAI_305_42,%IR 168,REAL,M014UC,0xA8000000 0 I,4,10,0,0,0,0,0,0
@GV.BBYAI_305_43,%IR 172,REAL,M014UC,0xAC000000 0 I,4,10,0,0,0,0,0,0
@GV.B08_05,%IR 180,REAL,M014UC,0xB4000000 0 I,4,10,0,0,0,0,0,0
@GV.B11_06,%IR 184,REAL,M014UC,0xB8000000 0 I,4,10,0,0,0,0,0,0
@GV.B10_06,%IR 188,REAL,M014UC,0xBC000000 0 I,4,10,0,0,0,0,0,0
@GV.B08_06,%IR 192,REAL,M014UC,0xC0000000 0 I,4,10,0,0,0,0,0,0
@GV.B11_07,%IR 196,REAL,M014UC,0xC4000000 0 I,4,10,0,0,0,0,0,0
@GV.B10_07,%IR 200,REAL,M014UC,0xC8000000 0 I,4,10,0,0,0,0,0,0
@GV.BBYAI_305_44,%IR 204,REAL,M014UC,0xCC000000 0 I,4,10,0,0,0,0,0,0
@GV.BBYAI_305_45,%IR 208,REAL,M014UC,0xD0000000 0 I,4,10,0,0,0,0,0,0
@GV.B09_07,%IR 216,REAL,M014UC,0xD8000000 0 I,4,10,0,0,0,0,0,0
@GV.B08_07,%IR 220,REAL,M014UC,0xDC000000 0 I,4,10,0,0,0,0,0,0
@GV.B10_08,%IR 224,REAL,M014UC,0xE0000000 0 I,4,10,0,0,0,0,0,0
@GV.B09_08,%IR 228,REAL,M014UC,0xE4000000 0 I,4,10,0,0,0,0,0,0
@GV.B10_09,%IR 232,REAL,M014UC,0xE8000000 0 I,4,10,0,0,0,0,0,0
@GV.B09_09,%IR 236,REAL,M014UC,0xEC000000 0 I,4,10,0,0,0,0,0,0
@GV.BBYAI_305_46,%IR 240,REAL,M014UC,0xF0000000 0 I,4,10,0,0,0,0,0,0
@GV.BBYAI_305_47,%IR 244,REAL,M014UC,0xF4000000 0 I,4,10,0,0,0,0,0,0
@GV.B03_02,%IR 252,REAL,M014UC,0xFC000000 0 I,4,10,0,0,0,0,0,0
@GV.B03_03,%IR 256,REAL,M014UC,0x00010000 0 I,4,10,0,0,0,0,0,0
@GV.B04_02,%IR 260,REAL,M014UC,0x04010000 0 I,4,10,0,0,0,0,0,0
@GV.B05_01,%IR 264,REAL,M014UC,0x08010000 0 I,4,10,0,0,0,0,0,0
@GV.B05_02,%IR 268,REAL,M014UC,0x0C010000 0 I,4,10,0,0,0,0,0,0
@GV.B05_03,%IR 272,REAL,M014UC,0x10010000 0 I,4,10,0,0,0,0,0,0
@GV.BBYAI_305_48,%IR 276,REAL,M014UC,0x14010000 0 I,4,10,0,0,0,0,0,0
@GV.BBYAI_305_49,%IR 280,REAL,M014UC,0x18010000 0 I,4,10,0,0,0,0,0,0
@GV.B06_01,%IR 288,REAL,M014UC,0x20010000 0 I,4,10,0,0,0,0,0,0
@GV.B06_02,%IR 292,REAL,M014UC,0x24010000 0 I,4,10,0,0,0,0,0,0
@GV.B07_01,%IR 296,REAL,M014UC,0x28010000 0 I,4,10,0,0,0,0,0,0
@GV.B05_04,%IR 300,REAL,M014UC,0x2C010000 0 I,4,10,0,0,0,0,0,0
@GV.B07_02,%IR 304,REAL,M014UC,0x30010000 0 I,4,10,0,0,0,0,0,0
@GV.B08_02,%IR 308,REAL,M014UC,0x34010000 0 I,4,10,0,0,0,0,0,0
@GV.BBYAI_305_50,%IR 312,REAL,M014UC,0x38010000 0 I,4,10,0,0,0,0,0,0
@GV.BBYAI_305_51,%IR 316,REAL,M014UC,0x3C010000 0 I,4,10,0,0,0,0,0,0
@GV.B09_02,%IR 324,REAL,M014UC,0x44010000 0 I,4,10,0,0,0,0,0,0
@GV.B07_03,%IR 328,REAL,M014UC,0x48010000 0 I,4,10,0,0,0,0,0,0
@GV.B06_04,%IR 332,REAL,M014UC,0x4C010000 0 I,4,10,0,0,0,0,0,0
@GV.B07_04,%IR 336,REAL,M014UC,0x50010000 0 I,4,10,0,0,0,0,0,0
@GV.B08_03,%IR 340,REAL,M014UC,0x54010000 0 I,4,10,0,0,0,0,0,0
@GV.B09_03,%IR 344,REAL,M014UC,0x58010000 0 I,4,10,0,0,0,0,0,0
@GV.B04_07,%IR 348,REAL,M014UC,0x5C010000 0 I,4,10,0,0,0,0,0,0
@GV.BBYAI_305_52,%IR 352,REAL,M014UC,0x60010000 0 I,4,10,0,0,0,0,0,0
@GV.B04_08,%IR 360,REAL,M014UC,0x68010000 0 I,4,10,0,0,0,0,0,0
@GV.B04_09,%IR 364,REAL,M014UC,0x6C010000 0 I,4,10,0,0,0,0,0,0
@GV.B04_10,%IR 368,REAL,M014UC,0x70010000 0 I,4,10,0,0,0,0,0,0
@GV.B05_11,%IR 372,REAL,M014UC,0x74010000 0 I,4,10,0,0,0,0,0,0
@GV.B05_10,%IR 376,REAL,M014UC,0x78010000 0 I,4,10,0,0,0,0,0,0
@GV.B05_09,%IR 380,REAL,M014UC,0x7C010000 0 I,4,10,0,0,0,0,0,0
@GV.B05_08,%IR 384,REAL,M014UC,0x80010000 0 I,4,10,0,0,0,0,0,0
@GV.BBYAI_305_54,%IR 388,REAL,M014UC,0x84010000 0 I,4,10,0,0,0,0,0,0
@GV.B06_11,%IR 396,REAL,M014UC,0x8C010000 0 I,4,10,0,0,0,0,0,0
@GV.B06_10,%IR 400,REAL,M014UC,0x90010000 0 I,4,10,0,0,0,0,0,0
@GV.B06_08,%IR 404,REAL,M014UC,0x94010000 0 I,4,10,0,0,0,0,0,0
@GV.B07_11,%IR 408,REAL,M014UC,0x98010000 0 I,4,10,0,0,0,0,0,0
@GV.B07_10,%IR 412,REAL,M014UC,0x9C010000 0 I,4,10,0,0,0,0,0,0
@GV.B07_09,%IR 416,REAL,M014UC,0xA0010000 0 I,4,10,0,0,0,0,0,0
@GV.B07_08,%IR 420,REAL,M014UC,0xA4010000 0 I,4,10,0,0,0,0,0,0
@GV.BBYAI_305_55,%IR 424,REAL,M014UC,0xA8010000 0 I,4,10,0,0,0,0,0,0
@GV.B08_10,%IR 432,REAL,M014UC,0xB0010000 0 I,4,10,0,0,0,0,0,0
@GV.B09_10,%IR 436,REAL,M014UC,0xB4010000 0 I,4,10,0,0,0,0,0,0
@GV.B08_08,%IR 440,REAL,M014UC,0xB8010000 0 I,4,10,0,0,0,0,0,0
@GV.B02_03,%IR 444,REAL,M014UC,0xBC010000 0 I,4,10,0,0,0,0,0,0
@GV.B02_04,%IR 448,REAL,M014UC,0xC0010000 0 I,4,10,0,0,0,0,0,0
@GV.B03_04,%IR 452,REAL,M014UC,0xC4010000 0 I,4,10,0,0,0,0,0,0
@GV.B04_04,%IR 456,REAL,M014UC,0xC8010000 0 I,4,10,0,0,0,0,0,0
@GV.BBYAI_305_56,%IR 460,REAL,M014UC,0xCC010000 0 I,4,10,0,0,0,0,0,0
@GV.B01_05,%IR 468,REAL,M014UC,0xD4010000 0 I,4,10,0,0,0,0,0,0
@GV.B02_05,%IR 472,REAL,M014UC,0xD8010000 0 I,4,10,0,0,0,0,0,0
@GV.B01_06,%IR 476,REAL,M014UC,0xDC010000 0 I,4,10,0,0,0,0,0,0
@GV.B03_05,%IR 480,REAL,M014UC,0xE0010000 0 I,4,10,0,0,0,0,0,0
@GV.B01_07,%IR 484,REAL,M014UC,0xE4010000 0 I,4,10,0,0,0,0,0,0
@GV.B02_06,%IR 488,REAL,M014UC,0xE8010000 0 I,4,10,0,0,0,0,0,0
@GV.B02_07,%IR 492,REAL,M014UC,0xEC010000 0 I,4,10,0,0,0,0,0,0
@GV.BBYAI_305_57,%IR 496,REAL,M014UC,0xF0010000 0 I,4,10,0,0,0,0,0,0
@GV.B04_05,%IR 504,REAL,M014UC,0xF8010000 0 I,4,10,0,0,0,0,0,0
@GV.B02_08,%IR 508,REAL,M014UC,0xFC010000 0 I,4,10,0,0,0,0,0,0
@GV.B03_07,%IR 512,REAL,M014UC,0x00020000 0 I,4,10,0,0,0,0,0,0
@GV.B02_09,%IR 516,REAL,M014UC,0x04020000 0 I,4,10,0,0,0,0,0,0
@GV.B04_06,%IR 520,REAL,M014UC,0x08020000 0 I,4,10,0,0,0,0,0,0
@GV.B03_09,%IR 524,REAL,M014UC,0x0C020000 0 I,4,10,0,0,0,0,0,0
@GV.B03_10,%IR 528,REAL,M014UC,0x10020000 0 I,4,10,0,0,0,0,0,0
@GV.BBYAI_305_58,%IR 532,REAL,M014UC,0x14020000 0 I,4,10,0,0,0,0,0,0
@GV.BTE031,%IR 540,REAL,M014UC,0x1C020000 0 I,4,10,0,0,0,0,0,0
@GV.BTE032,%IR 544,REAL,M014UC,0x20020000 0 I,4,10,0,0,0,0,0,0
@GV.BTEJ077,%IR 548,REAL,M014UC,0x24020000 0 I,4,10,0,0,0,0,0,0
@GV.BTEJ078,%IR 552,REAL,M014UC,0x28020000 0 I,4,10,0,0,0,0,0,0
@GV.BTEJ079,%IR 556,REAL,M014UC,0x2C020000 0 I,4,10,0,0,0,0,0,0
@GV.BTEJ080,%IR 560,REAL,M014UC,0x30020000 0 I,4,10,0,0,0,0,0,0
@GV.BBYAI_305_59,%IR 564,REAL,M014UC,0x34020000 0 I,4,10,0,0,0,0,0,0
@GV.BBYAI_305_60,%IR 568,REAL,M014UC,0x38020000 0 I,4,10,0,0,0,0,0,0
@GV.BTE033,%IR 576,REAL,M014UC,0x40020000 0 I,4,10,0,0,0,0,0,0
@GV.BTE034,%IR 580,REAL,M014UC,0x44020000 0 I,4,10,0,0,0,0,0,0
@GV.BTEJ081,%IR 584,REAL,M014UC,0x48020000 0 I,4,10,0,0,0,0,0,0
@GV.BTEJ082,%IR 588,REAL,M014UC,0x4C020000 0 I,4,10,0,0,0,0,0,0
@GV.BTEJ083,%IR 592,REAL,M014UC,0x50020000 0 I,4,10,0,0,0,0,0,0
@GV.BTEJ084,%IR 596,REAL,M014UC,0x54020000 0 I,4,10,0,0,0,0,0,0
@GV.BBYAI_305_61,%IR 600,REAL,M014UC,0x58020000 0 I,4,10,0,0,0,0,0,0
@GV.BBYAI_305_62,%IR 604,REAL,M014UC,0x5C020000 0 I,4,10,0,0,0,0,0,0
@GV.BTE035,%IR 612,REAL,M014UC,0x64020000 0 I,4,10,0,0,0,0,0,0
@GV.BTE036,%IR 616,REAL,M014UC,0x68020000 0 I,4,10,0,0,0,0,0,0
@GV.BTEJ085,%IR 620,REAL,M014UC,0x6C020000 0 I,4,10,0,0,0,0,0,0
@GV.BTEJ086,%IR 624,REAL,M014UC,0x70020000 0 I,4,10,0,0,0,0,0,0
@GV.BTEJ087,%IR 628,REAL,M014UC,0x74020000 0 I,4,10,0,0,0,0,0,0
@GV.BTEJ088,%IR 632,REAL,M014UC,0x78020000 0 I,4,10,0,0,0,0,0,0
@GV.BTE037,%IR 636,REAL,M014UC,0x7C020000 0 I,4,10,0,0,0,0,0,0
@GV.BBYAI_305_63,%IR 640,REAL,M014UC,0x80020000 0 I,4,10,0,0,0,0,0,0
@GV.BTE038,%IR 648,REAL,M014UC,0x88020000 0 I,4,10,0,0,0,0,0,0
@GV.BTEJ089,%IR 652,REAL,M014UC,0x8C020000 0 I,4,10,0,0,0,0,0,0
@GV.BTEJ090,%IR 656,REAL,M014UC,0x90020000 0 I,4,10,0,0,0,0,0,0
@GV.BTEJ091,%IR 660,REAL,M014UC,0x94020000 0 I,4,10,0,0,0,0,0,0
@GV.BTEJ092,%IR 664,REAL,M014UC,0x98020000 0 I,4,10,0,0,0,0,0,0
@GV.BTE062,%IR 668,REAL,M014UC,0x9C020000 0 I,4,10,0,0,0,0,0,0
@GV.BTE063,%IR 672,REAL,M014UC,0xA0020000 0 I,4,10,0,0,0,0,0,0
@GV.BBYAI_305_64,%IR 676,REAL,M014UC,0xA4020000 0 I,4,10,0,0,0,0,0,0
@GV.BTE072,%IR 684,REAL,M014UC,0xAC020000 0 I,4,10,0,0,0,0,0,0
@GV.BTE073,%IR 688,REAL,M014UC,0xB0020000 0 I,4,10,0,0,0,0,0,0
@GV.BTE082,%IR 692,REAL,M014UC,0xB4020000 0 I,4,10,0,0,0,0,0,0
@GV.BTE083,%IR 696,REAL,M014UC,0xB8020000 0 I,4,10,0,0,0,0,0,0
@GV.BTE092,%IR 700,REAL,M014UC,0xBC020000 0 I,4,10,0,0,0,0,0,0
@GV.BTE093,%IR 704,REAL,M014UC,0xC0020000 0 I,4,10,0,0,0,0,0,0
@GV.BTE124_A1,%IR 708,REAL,M014UC,0xC4020000 0 I,4,10,0,0,0,0,0,0
@GV.BBYAI_305_65,%IR 712,REAL,M014UC,0xC8020000 0 I,4,10,0,0,0,0,0,0
@GV.BTE131,%IR 720,REAL,M014UC,0xD0020000 0 I,4,10,0,0,0,0,0,0
@GV.BTE132,%IR 724,REAL,M014UC,0xD4020000 0 I,4,10,0,0,0,0,0,0
@GV.BTE133,%IR 728,REAL,M014UC,0xD8020000 0 I,4,10,0,0,0,0,0,0
@GV.BTE134,%IR 732,REAL,M014UC,0xDC020000 0 I,4,10,0,0,0,0,0,0
@GV.BTE135,%IR 736,REAL,M014UC,0xE0020000 0 I,4,10,0,0,0,0,0,0
@GV.BBYAI_305_35,%IR 740,REAL,M014UC,0xE4020000 0 I,4,10,0,0,0,0,0,0
@GV.BBYAI_305_36,%IR 744,REAL,M014UC,0xE8020000 0 I,4,10,0,0,0,0,0,0
@GV.BBYAI_305_37,%IR 748,REAL,M014UC,0xEC020000 0 I,4,10,0,0,0,0,0,0
@GV.BTE136,%IR 760,REAL,M014UC,0xF8020000 0 I,4,10,0,0,0,0,0,0
@GV.BTE137,%IR 764,REAL,M014UC,0xFC020000 0 I,4,10,0,0,0,0,0,0
@GV.BTE138,%IR 768,REAL,M014UC,0x00030000 0 I,4,10,0,0,0,0,0,0
@GV.BTE139,%IR 772,REAL,M014UC,0x04030000 0 I,4,10,0,0,0,0,0,0
@GV.BBYAI_305_38,%IR 776,REAL,M014UC,0x08030000 0 I,4,10,0,0,0,0,0,0
@GV.BBYAI_305_39,%IR 780,REAL,M014UC,0x0C030000 0 I,4,10,0,0,0,0,0,0
@GV.BBYAI_305_40,%IR 784,REAL,M014UC,0x10030000 0 I,4,10,0,0,0,0,0,0
@GV.BBYAI_305_41,%IR 788,REAL,M014UC,0x14030000 0 I,4,10,0,0,0,0,0,0
